dataset,bits,M,target_metric,target_value,scorer,chosen_efSearch,storage_mode,mean_search_ms,mean_rerank_ms,mean_total_ms,p50_total_ms,p95_total_ms,achieved_metric,Recall@100,top10_overlap,top100_overlap,mean_visited_nodes,mean_num_reranked,num_points
fiqa,128,32,Recall@100,0.8,qacos_gated,700,cache_limited,0.8406220708333334,0.3496855833333333,1.1903076541666666,1.081292,1.9317023999999994,0.8248750000000001,0.8248750000000001,3.9375,41.875,9849.3,700.0,240
fiqa,128,32,Recall@100,0.8,qacos_gated,700,warm_cache,0.7511944333333335,0.2535324583333333,1.0047268916666667,0.953708,1.2929979,0.8248750000000001,0.8248750000000001,3.9375,41.875,9849.3,700.0,240
fiqa,128,32,Recall@100,0.8,simhash,1500,cache_limited,0.7628951416666667,0.5371229750000001,1.300018116666667,1.2777075,1.55788095,0.8185,0.8185,3.0,31.9625,19545.625,1500.0,240
fiqa,128,32,Recall@100,0.8,simhash,1500,warm_cache,0.7660876999999999,0.4687928625,1.2348805625000001,1.2112075,1.44596665,0.8185,0.8185,3.0,31.9625,19545.625,1500.0,240
fiqa,128,32,Recall@100,0.9,qacos_gated,1500,cache_limited,1.2265710041666666,0.5023663208333333,1.728937325,1.713646,2.0393271,0.9101250000000001,0.9101250000000001,3.9625,41.6875,17447.3125,1500.0,240
fiqa,128,32,Recall@100,0.9,qacos_gated,1500,warm_cache,1.2223185749999999,0.44598180000000004,1.668300375,1.6516255000000002,1.9589636499999996,0.9101250000000001,0.9101250000000001,3.9625,41.6875,17447.3125,1500.0,240
